Document,ID,Topic,topic#0,topic#1,topic#2,topic#3,id,year,cited_by,document_type,title,doi
story simulation narrative collaboratively explore food security agricultural innovation subsaharan africa context food insecurity remain global challenge differ narrative shape intervention subsaharan africa crisis narrative favor aid agency link insecurity production issue advocate agricultural innovation meanwhile chronic poverty narrative reflect african policy tie insecurity farmer poverty emphasize livelihood economic solution narrative subjectivity lead uncritical privileging certain understanding solution necessitate critical exploration contexts cause solution food insecurity region address need understand illustrate complex problem food insecurity region objective study employ mixedmethod approach combine collaborative storytelling exploration scenario analysis investigate food security agricultural innovation climate adaptation mali west africa develop threestage methodology represent story arc begin exposition problem statement development action completion solution provide cohesive narrative framework arc unfold story exposition introduce character plot problem statement story development include participantled simulation modelerle scenario analysis story completion integrate insight simulation scenario analysis develop collective understanding narrative surround food insecurity study generate several insight highlight inherent complexity within agricultural innovation system emerge nonlinear dynamic interaction actor operate across scale contribute food insecurity redirect focus narrative cause subsequent solution food insecurity solely climatedriven production loss poverty complex interplay climate agroecology innovation network risk perception innovation belief desire knowledge transmission share narrative emerge characterize food security complex adaptive system influence factor climateinduced production variability agroecological heterogeneity network structure climate risk perception study underscore methodological value collaborative storytelling simulation enable structured reflective exploration complex system transform participant cocreator knowledge methodology foster system think turn systemic relationship tangible actionable insight significance study demonstrate need critically reevaluate role narrative shape agricultural innovation system capacity transform food system toward enhance sustainability food security participatory systemsdriven approach offer pathway adaptive effective intervention face complex dynamic challenge,0,0,0.8019770958507256,0.09970696675450755,0.0,0.09831593739476681,WOS:001392012500001,2025.0,4,Article,"Stories, simulations and narratives: Collaboratively exploring food   security and agricultural innovation in sub-Saharan Africa",10.1016/j.agsy.2024.104241
analyze industry structure dynamic commodity exchange russia china usa trade restriction context largescale economic sanction russia become urgent task design complex assess impact economy various country end agentbased approach select china united states european union rest world main participant trade relation russia design trade war help analyze available datum economy abovementioned country trade relation assess impose sanction restriction quantitative sectoral aspect information content develop face difficulty cause coordination datum crossindustry supply import export good different country present algorithm determine sequence process initial statistical datum bring unified form detailed elaboration necessary formation array initial datum carry basis federal statistic service russia federal customs service eurostat yous bureau economic analysis national bureau statistic people republic china world bank unify information agency eleven enlarge industry create industry correspond one industry commodity group target apply algorithm construction crosscountry table industry supply intermediate investment good contain datum trade russia usa china rest world course datum processing analyze sectoral structure commodity exchange indicate close relationship economy european union russia largescale sanction relatively low indicator commodity exchange russia united states analysis dynamic trade exchange russia country impose sanction restriction russias import country fall export value term increase primarily due sharp increase energy price united states drop export import russia respectively,1,0,0.0,0.0,1.0,0.0,WOS:001030373500003,2023.0,6,Article,"Analyzing the Industry Structure and Dynamics of Commodity Exchange   between Russia, China, the USA and the EU under Trade Restrictions",10.15838/esc.2023.3.87.3
applicability various level detail occupant behavior representation modeling build performance simulation occupant behavior one significant uncertainty building performance simulation modeling receive increase attention past decade degree granularity level detail lod require represent occupant still nascent stage paper analyze modeling applicability three lod represent occupant build performance assessment mediumsized prototype office building locate chicago illinois simulation case study ten occupantcentric attribute adopt develop lod representation first demonstrate different modeling approach require simulate three fidelity level later illustrate suitability develop lod support six building performance case across different lifecycle stage study intend provide guidance building simulation community appropriate representation support various case,2,1,0.0,1.0,0.0,0.0,WOS:000995960300001,2023.0,9,Article,On the applicability of various levels of detail for occupant behavior   representation and modeling in building performance simulation,10.1007/s12273-023-1034-0
allocate synthetic population fine spatial scale integer quadratic programming formulation agentbased abms increasingly evaluate urban system urban policy environmental impact one prerequisite abm framework consist generate synthetic population representative actual population feature appropriate attribute respect objective precise spatial positioning synthetic population agent often key ensure abm modeling quality paper consider problem allocate synthetic population agent fine spatial scale allocation process perform higherlevel statistical area synthetic population generate container statistical area csa several nested nonoverlapping elementary statistical area esas marginal available allocation step rely common attribute csa esa additional discriminatory attribute attribute interest estimate external datum case study examine herein base french census fiscal datum common attribute include eight sociodemographic variable total modality additional attribute interest income add allocation problem hand integer quadratic programming problem exact algorithm first apply solve problem applicability algorithm prove limit smallsize synthetic population heuristic handle allocation largersize synthetic population test carry case study heuristic yield nearoptimal solution computationally efficient may fulfill need majority,3,0,1.0,0.0,0.0,0.0,WOS:000842128400001,2023.0,3,Article,Allocating synthetic population to a finer spatial scale: An integer   quadratic programming formulation,10.1177/23998083221120019
importance exploration prediction ecosystem service forager fitness foraging constancy repeat return foraging location foraging strategy many specie decrease uncertainty risk often unclear however exactly organism identify foraging interested context actual harvesting food first precede separate exploration period context foraging consist three distinct step exploration landscape sitegeneration selection foraging siteselection exploitation harvesting repeat trip foraging home base type foraging receive scant attention modelling literature lead main knowledge gap first little know organism implement step second know choice implementation affect outcome step typical outcome include forager rate energy return distribution forager landscape investigate gap agentbased bumble bee organism forage patchy resource landscape crop wildflower empty cell test different sitegeneration random circular foray exploration behaviour four different siteselection random optimize base distance nest local wildflower density net rate energy return variety outcome siteconstant harvesting step find siteselection high impact crop pollination service well percent crop resource collect sitegeneration high impact percent time spend harvesting total trip time find pattern identify infer give real organism identify foraging underscore importance explicitly consider exploratory behaviour well understand ecological consequence foraging dynamic,4,0,0.0,0.0,0.0,0.0,WOS:001714713100001,2026.0,0,Article,The importance of exploration: model predictions for ecosystem services   and forager fitness,10.1007/s12080-026-00635-0
complex adaptive systemsbased framework health impact climate change climate change global phenomenon farreaching consequence impact human health grow concern intricate interplay various factor make challenge accurately predict understand implication climate change human wellbeing conventional methodology limitation comprehensively address complexity nonlinearity inherent relationship climate change health outcome objective primary objective paper develop robust theoretical framework effectively analyze interpret intricate web variable fluence human health impact climate change aim overcome limitation conventional approach provide nuanced understanding complex relationship involve furthermore seek explore practical application theoretical framework enhance ability predict mitigate adapt diverse health challenge pose change climate address challenge outline objective study introduce complex adaptive system cas framework acknowledge signi ficance capture nuanced dynamic health effect link climate change utilize blend field observation expert interview key informant interview extensive literature review shape development cas framework discussion cas framework categorize finding six key subsystem ecological service extreme weather infectious disease food security disaster risk management clinical public health study employ agentbased modeling causal loop diagram cld tailor cas subsystem set identi fied variable incorporate predictive modeling enhance understanding health outcome within cas framework combination theoretical development practical application paper aspire contribute valuable insight interdisciplinary field climate change health integrate agentbased modeling cld enhance predictive capability require effective health outcome analysis context climate change paper serve valuable resource policymaker researcher public health professional employ cas framework understand assess complex network health impact associate climate change offer insight effective strategy safeguard human health amidst current future climate challenge publish masson sas open access byncnd license httpcreativecommonsorglicensesbyncnd40,5,0,0.9178849058752698,0.08211509412473024,0.0,0.0,WOS:001266865200001,2024.0,13,Article,Complex adaptive systems-based framework for modeling the health impacts   of climate change,10.1016/j.joclim.2023.100292
logistic build circular biobased modular environmental impact amsterdam circular biobased modular construction practice gain traction city seek reduce environmental impact build environment however little know strategy affect construction logistic associated emission develop agentbased assess environmental spatial impact construction logistic amsterdam metropolitan region ama six future scenario scenario vary transport mode construction practice logistic hub configuration modular construction significantly reduce emission delivery consolidation circular biobase approach present tradeoff circular logistic reduce total emission locally increase local emission congestion due frequent shortdistance trip case fossil transport biobase construction reduce transport emission low weight may increase emission distant supplier often locate abroad austria study reveal water transport lower co2 often raise nox emission case ship old engine decentralize logistic network may perform bad centralized one without coordination finding emphasize sustainability benefit depend build transport policymaker urban planner must weigh global local tradeoff design logistic system sustainable construction offer datadriven framework support decision highlight need integrate spatially ground planning approach circular transition,6,3,0.0,0.0,0.02375495256047215,0.9762450474395279,WOS:001681438000001,2025.0,0,Article,"Logistics for Building Circular, Biobased, and Modular: Environmental   Impacts in Amsterdam",10.55845/XJPF2170
multiagent reinforcement learn optimization framework ongrid electric vehicle charge base transceiver station renewable energy storage system rapid growth number develop nation mobile telecommunication sector present network operator difficulty poor service quality congestion mostly location lack dependable reasonably price electrical order provide sustainable reasonably price energy alternative develop world study provide detailed examination core idea behind renewable energy technology ret multiagentbase smallscaled smart base transceiver station bts reinforcement strategy present manage energy resource boost resilience supply power essential load peak demand period leverage demandside management dsm diverse energy combine create interconnected bts enable energy sharing balance fluctuation establish market promote economical energy matlab simulation develop assess effectiveness system real load datum fast electric vehicle charge load five different base transceiver station btss locate throughout pakistans southern area study base transceiver station bts share energy multiagentbase system observe optimization base transceiver station bts trade energy grid rate usdkwh rate usdkwh therefore grid dependency decrease carbon emission reduce optimization base transceiver station bts,7,2,0.0,0.0,1.0,0.0,WOS:001277009300001,2024.0,7,Article,Multi-Agent Reinforcement Learning Optimization Framework for On-Grid   Electric Vehicle Charging from Base Transceiver Stations Using Renewable   Energy and Storage Systems,10.3390/en17143592
circular economy mitigate rebound due investment renewable energy current macroeconomic circular economy rely unrealistic assumption recycle infinitely often ignore price demand adjustment reality virgin recycle time proliferation cheap product make recycled likely affect final demand paper address shortcoming novel climateeconomy agentbased circular economy combine climate cycle opinion dynamic consumer producer embed coevolving network preference consumer influence direction technological progress diffusion good make recycled main novelty study compare macroeconomic consequence input recycle twice infinitely find time recycle global temperature resource depletion decrease addition study transition renewable energy lead rebound effect raw manufacturing sector compare economy dependent fossil fuel whether circular economy mitigate effect depend many time input recycle,8,2,0.0,0.0,1.0,0.0,WOS:000956311300001,2023.0,23,Article,The circular economy mitigates the material rebound due to investments   in renewable energy,10.1016/j.jclepro.2023.136753
assessment methodology dynamic occupancy adaptive hvac control subway station integrate passenger flow simulation build energy modeling heating ventilation air conditioning hvac system subway station often preschedule nondiscriminatorily control large area ignore uneven dynamic thermal demand although build energy modeling bem contribute optimize hvac design operation limit investigate dynamic occupancy adaptive hvac control strategy large open subway station formalize integrated thermal control methodology itcm integrate passenger flow simulation bem assess dynamic occupancy adaptive hvac control strategy subway station evaluate applicability effectiveness itcm develop prototype coupling anylogic energyplus carry simulationbase case study hong kong subway station base case study identify itcm enable subway station development management team assess comprehensive dynamic occupancy adaptive hvac control strategy decompose thermal zone consider layout diffuser variable air volume box timely consistent manner addition case study adaptive control ceiling diffuser could save cool energy without considerably sacrifice thermal comfort,9,1,0.0,0.9789362381084744,0.021063761891525697,0.0,WOS:001094843100001,2023.0,22,Article,Assessment methodology for dynamic occupancy adaptive HVAC control in   subway stations integrating passenger flow simulation into building   energy modeling,10.1016/j.enbuild.2023.113667
dynamic fibril collagen remodeling tumor cell tumorassociate collagen signature many solid tumor characterize dense extracellular matrix ecm compose various ecm fibril protein protein provide structural support biological context reside cell reciprocal interaction grow migrate tumor cell surround stroma dynamic change ecm architecture property imaging technique several specific pattern collagen surround breast tumor identify tumor murine clinical histology image tumorassociate collagen signature tac include loosely organize fibril far tumor fibril align either parallel perpendicular tumor colony correlate tumor behavior benign growth invasive migration however fully understand one specific fibril pattern dynamically remodel form another alignment present novel multicellular latticefree multicelllf agentbased ecm contrast static histology image simulate dynamic change tacss allow identify rule cellecm physical interplay feedback guide emergence transition among various tacss,10,-1,0.0,0.0,0.0,0.0,WOS:001116583900001,2023.0,10,Article,Dynamics of Fibril Collagen Remodeling by Tumor Cells: A Model of   Tumor-Associated Collagen Signatures,10.3390/cells12232688
multimethod simulation optimisation maximise benefit renewable energy community realworld case study italy paper introduce novel multimethod modelling framework renewable energy community recs integrate agentbased modelling discreteevent simulation system dynamic hybrid approach enable comprehensive assessment recs capture technical economic dynamic work key contribution twofold flexible technical modelling framework adaptable diverse geographical regulatory context optimisation aim minimise cost maximise benefit decision support optimisation build upon modelling framework adjust various rec configuration allow variation photovoltaic capacity demand pattern energy price structure regulatory scheme flexibility enable policyaware contextsensitive simulation optimisation rec operation enable evaluation wide range scenario help stakeholder assess shortterm longterm technical economic performance make robust tool forecasting strategic planning,11,2,0.0,0.0,1.0,0.0,WOS:001460923600011,2025.0,1,Article,Multi-Method Simulation and Optimisation for Maximising Benefits in   Renewable Energy Communities: A Real-World Case Study from Italy,10.22364/bjmc.2025.13.1.11
effect individual strategy resource access collaboratively maintain irrigation infrastructure build infrastructure water energy supply transportation service underpin human wellbeing socioeconomic development fundamental understanding infrastructure design strategy interact guide important design decision well policy formulation ensure longterm infrastructure viability conjunction improved individual benefit work agent base abm develop study issue specific case irrigation canal cooperatively maintain irrigation canal serve essential role sustain agriculturebased economy many region canal system design strongly affect benefit derive distribute regional agricultural output longterm viability shared infrastructure abm investigate option independent water interact canal design affect canal maintenance cooperation farmer income independent water stylize well provide access groundwater represent strategically robust design option design option reduce implementer utility vulnerability unfavorable action actor system demonstrate strategically robust design improve implementer utility probability collaboration contrast demonstrate option individual resource access strategically robust design option represent well reduce cooperative maintenance case however well improve farmer income especially downstream farmer affect water theft,12,0,0.0,0.5032554319015877,0.2500813789783334,0.24666318912007884,WOS:000998834900001,2023.0,4,Article,Effects of individual strategies for resource access on collaboratively   maintained irrigation infrastructure,10.1002/sys.21701
conformity mass medium influence sznajd regular lattice polarization opinion difficulty reach consensus central problem many modern understand dynamic govern process therefore one main aim sociophysic work sznajd opinion dynamic investigate monte carlo simulation perform four different regular lattice triangular honeycomb square von neumann moore neighborhood main objective discuss interplay probability convince conformity mass medium external influence provide detail possible phase transition indicate strong bond openness discussion argumentation may help reach consensus external influence become destructive different level depend lattice,13,1,0.0,1.0,0.0,0.0,WOS:001210032200001,2024.0,1,Article,Conformity and Mass Media Influence in the Sznajd Model on Regular   Lattices,10.3390/e26040307
cultural multiplier climate policy achieve deep decarbonisation design climate policy need account consumption choice influence pricing social learning involve change pertain whole spectrum consumption likely involve shift lifestyle regard crucial consider social learning short term slow longerterm cultural change analyse interaction climate policy cultural change focus carbon pricing extend notion social multiplier environmental policy derive study context multiple consumer need allow behavioural spillover give rise cultural multiplier develop assess multiplier contribute effectiveness carbon pricing cultural multiplier stimulate great reduction emission compare fix preference social multiplier finding good news policy acceptance since cultural multipli greatly increase effectiveness carbon price mean low price suffice give emissionsreduction goal high carbon price distinction social cultural multipli effect diminish strong price signal drive even resistant individual toward lowcarbon consumption vary economic social condition substitutability low highcarbon good social network structure proximity likeminded individual diversity consumption lifestyle heterogeneity preference provide insight cultural change leverage secure maximum effectiveness climate policy,14,2,0.0,0.0,1.0,0.0,WOS:001632314900001,2025.0,0,Article,The Cultural Multiplier of Climate Policy,10.1007/s10640-025-01048-z
hybrid agent base reinforcement learning fuzzy computing qrung orthopair fuzzy information electricity purchasing negotiation smart grid smart grid electricity procurement require efficient multiissue negotiation uncertainty participant lack complete information opponent preference must balance individual utility social welfare paper hybrid negotiation framework integrate qrung orthopair fuzzy set rofs preference modeling qlearne online estimation opponent weight fuzzy inference system adaptive concession acceptance decision buyer offer rank qrofs aggregation mechanism capture preference vagueness reinforcement learn dynamically estimate opponent issue weight base observed negotiation outcome kaldorhick welfare change evaluate simulate electricity purchasing scenario involve multiple seller three negotiation issue across different value demonstrate approach consistently improve joint utility fairness compare stackelberginspired benchmark achieve average increase joint utility produce balanced robust agreement approach pareto frontier finding confirm effectiveness combine fuzzy preference modeling learningbase adaptation welfareoriente ward automate energy negotiation,15,2,0.0,0.0,1.0,0.0,WOS:001678339200002,2026.0,0,Article,A hybrid agent based on reinforcement learning and fuzzy computing using   q-rung orthopair fuzzy information for electricity purchasing   negotiation in smart grids,10.1016/j.asoc.2026.114683
social interaction lead polarization past decade number close social connection increase substantially least factor time societal opinion become increasingly polarize many western country explore whether trend could connect employ simple computational peoplewithin social networkscontinuously compare update opinion know realistically capture homophily social balance exhibit phase transition phenomenon critical social connectivity explosive transition toward strong polarization must occur allow understand empirical inflation polarization last decade function observe increase value social connectivity presence small fraction synchronize influencer transition become continuous however polarization appear low connectivity discuss implication presence phase transition social polarization,16,1,0.0,1.0,0.0,0.0,WOS:001637731400001,2025.0,6,Article,Why more social interactions lead to more polarization in societies,10.1073/pnas.2517530122
comparison land cover change erosiondeposition pattern bronze agei cal eastern southwestern anatolia land archaeological important consequence ecosystemic change long term directly affect sustainability economy sociopolitical organization near east sociopolitical organization mode production land pattern diversify spatiotemporally bronze age cal socially complex entity emerge across region transformative phase anatolia witness polity vary level organization mode subsistence translate diverse land pattern focus agentbased modeling simulate long term impact land useland cover change major bronze age arslantepe cal eastern anatolia hacilar buyuk hoyuk cal southwest anatolia arslantepe hacilar buyuk hoyuk situate different environment climate vegetation different level social organization economy compare land pattern contemporary otherwise different polity present important term understanding land pattern diversify ecological long term,17,0,0.0,0.5199329174419965,0.48006708255800334,0.0,WOS:001184368000001,2024.0,2,Article,The comparison of land cover change and erosion-deposition patterns   during the Early Bronze Age-I (ca. 5100-4700 cal. BP) in Eastern and   Southwestern Anatolia,10.1016/j.jasrep.2024.104435
life history trait target pest transmission route biocide critical success boost sterile insect technique sterile insect technique sit environmentally friendly pest control strategy consist inundative release massreare sterilize male define area mate wild female offspring decline pest population technique effectively manage many crop pest vectorborne disease worldwide new approach call boost sit gain efficiency combine sit contamination wild female sterile male previously coat biocide present study investigate extent life history trait target pest biocide make boost sit efficient classical sit build generic agentbased sit simulate population dynamic insect pest explore parameter relate mating system spermatic competition fecundity take example biology three wellknown dipteran pest species bactrocera dorsalis ceratitis capitata glossina palpali gambiensi find boost sit beneficial sit horizontal transmission biocide generation progeny must high female fecundity key parameter behind success boost sit efficient insect pest low reproduction rate particular vertical transmission late killing time critical parameter observe high level virulence help boost sit already advantageous otherwise become detrimental boost sit might advantageous depend life history trait target pest transmission route extensive exploration easily tailor pest different life history trait,18,0,0.0,0.0,0.0,0.0,WOS:001359635600001,2024.0,2,Article,Life history traits of the target pest and transmission routes of the   biocide are critical for the success of the boosted Sterile Insect   Technique,10.1016/j.cris.2024.100101
design polymer boron crosslinking agent base scale effect study crosslinking mechanism guar gum ultralow concentration guar gumbased fracture fluid reveal scale disparity approximately ten thousandfold molecular chain conventional boron crosslinker lead pronounce scale structure effect traditional crosslinking theory focus solely group interaction lack holistic molecular structural perspective address study synergistically optimise scale structural effect overcome theoretical limitation target core issue low crosslinking efficiency low concentration novel polymeric boron crosslinking agent pcaap acrylamide primary monomer 3acrylamidophenylboronic acid 2acrylamido2methylpropane sulfonic acid functional monomer innovation lie achieve molecular scale match pcaap size reduce scale disparity one tenthousandth synergistic multicrosslinke thereby overcome traditional limitation base highly efficient crosslinking hydroxypropyl guar gum ultralow concentration successfully achieve degree indicate min shearing system maintain viscosity mpa sdot represent improvement compare traditional boron crosslinking agent gelbreake residue mgl molecular dynamic simulation reveal reinforcement mechanism stem significantly enhance hpgcrosslinker interaction energy restrict hightemperature water molecule migration pcaap enable reduction guar gum dosage exceed offer novel solution lowdamage fracture establish theoretical foundation develop highly efficient lowcost crosslinking agent,19,-1,0.0,0.0,0.0,0.0,WOS:001663864700001,2026.0,1,Article,Design of polymer boron crosslinking agents based on scale effects and   study of the crosslinking mechanism of guar gum at ultra-low   concentrations,10.1016/j.ijbiomac.2026.150086
evaluate sensitivity robustness occupancy build energy simulation design occupancy modeling play crucial role build energy simulation build design yet study investigate influence type input assumption remain sparse study evaluate sensitivity parameter robustness uncertainty parameter range data availability design phase assess three occupancy modelsdeterministic probabilistic agentbase open dataset occupancy datum across four space type finding reveal predictive performance deterministic probabilistic influence heavily sensitive parameter contrast parameter affect prediction performance agentbased suggest need prioritize sensitive parameter estimation enhance prediction accuracy deterministic probabilistic specifically occupancy density startend time follow schedule fraction emerge highly sensitive due significant impact average occupancy profile find hourly energy prediction narrow range top five sensitive parameter decrease coefficient variation root mean square error cvrmse reduce standard deviation half underscore importance careful parameter estimation improve reliability occupancy build energy simulation,20,1,0.0,1.0,0.0,0.0,WOS:001333684900001,2024.0,6,Article,Evaluating the sensitivity and robustness of occupancy models for   building energy simulation during design,10.1016/j.buildenv.2024.111739
enhance predictability ecology change world call organismbase approach ecology usually good make descriptive explanation observe often unable make prediction response ecosystem change implication humandominated world suite anthropogenic stress threaten resilience functioning ecosystem sustain mankind range critical regulating support service ecosystem becauseandeffect relationship difficult elucidate complex network negative positive feedback therefore able effectively predict ecosystem could pass different potentially unstable new vitally important rapid global change argue well prediction may reach focus organism instead specie organism principal biotic agent ecosystem react directly change environment several study change ecosystem may accurately describe change organism interaction organismbase theory available simple derive first principle allow many prediction discuss traitbase ecology agent base maximum entropy theory ecology together form logical sequence approach allow organismbase study ecological community combine extend make possible predict spatiotemporal distribution group organism term metabolic energy distribute area time resource expect organismbase ecology ultimately improve ability predict ecosystem dynamic,21,0,1.0,0.0,0.0,0.0,WOS:000924883100001,2023.0,7,Article,Enhancing the predictability of ecology in a changing world: A call for   an organism-based approach,10.3389/fams.2023.1046185
effect acquire resistance cancer therapy outcome adaptive therapy evolutionbased treatment strategy exploit cellcell competition acquire resistance change competitive cancer cell tumor impact outcome aim determine adaptive therapy still effective cell acquire resistance develop agentbased spatial tumor growth consider three different type acquire resistance random genetic mutation cell division druginduce reversible plastic phenotypic change druginduced irreversible phenotypic change three resistance mechanism lead different spatial distribution resistant cell quantify spatial distribution extension ripleys kfunction sample ripleys kfunction srkf calculate nonrandomness resistance distribution tumor predict emergent spatial distribution resistance determine time progression adaptive continuous therapy notably high rate random genetic mutation lead quick progression due emergence many small clump resistant cell druginduce phenotypic change accelerate tumor progression irrespective treatment strategy lowrate switch sensitive reduce benefit compare furthermore demonstrate druginduced resistance necessitate aggressive treatment regardless presence cancerassociated fibroblast however optimal dose effectively delay tumor relapse suppress resistance study demonstrate diverse resistance mechanism shape distribution resistance thus determine efficacy adaptive therapy,22,-1,0.0,0.0,0.0,0.0,WOS:001014380000001,2023.0,2,Article,Modeling the effect of acquired resistance on cancer therapy outcomes,10.1016/j.compbiomed.2023.107035
policy tax incentive sustainable development region case far eastern federal district russia devote problem tax incentive sustainable development russian far east vast region deal significant demographic environmental challenge solve problem study apply mathematical modeling build hybrid mathematical far east development base principle agentbased systemdynamic approach implement anylogic simulation modelling program accuracy confirm compare prediction actual datum study construction interpretation several scenario regional development involve different type tax incentive policy investmentoriente tax incentive stimulate specific growth pole increase budgetary spending social focus fund taxis future generation high environmental taxis combination different incentive main experiment none tax incentive scenario panacea effective tool prove target investmentoriented tax incentive resident special economic zone nevertheless incentive automatically solve region sustainable development challenge stem exist environmental constraint addition tax policy option consideration limit demographic problem far east adversely affect rate technological change economic growth practical standpoint conclude strategic tax policy question base comprehensive approach employ mutually reinforce tax incentive innovation investment special economic zone environmental incentive capable gradually improve environmental situation field tax policy russian far east direct search measure fiscal regulation economic demographic environmental problem region complex,23,0,1.0,0.0,0.0,0.0,WOS:001289249000007,2024.0,1,Article,Modeling the Policy of Tax Incentives for Sustainable Development of the   Region: The Case of the Far Eastern Federal District of Russia,10.15826/jtr.2024.10.2.171
complex system analysis implication hydrogen fuel cell truck chinas road freight transportation chinas road freight transport volume dramatically increase recent year lead substantial energy consumption greenhouse gas emission hydrogen fuel cell vehicle provide novel approach hardtoabate industrial sector develop chinas road freight industry base agentbased complex system utilize evaluate diffusion hydrogen fuel cell truck hfct fleet environmental impact inspect five diverse pathway wherein pathway represent conventional businessasusual approach pathway signify potential technological advancement pathway illustrate application ccs technology pathway showcase potential increase production green hydrogen pathway encompass combination scenario base simulation follow draw truck purchaser sensitive price hydrogen hfct especially heavyduty truck purchaser without policy intervention hfct difficulty attract consumer near future fossil base hydrogen production ccs combine strengthen fiscal subsidy way achieve goal one million hfct tank wheel perspective pathway reach peak carbon emission complete standpoint welltowheel pathway increase proportion green hydrogen pathway introduce carbon capture storage ccs fossil base hydrogen production achieve significant carbon emission reduction,24,3,0.0,0.0,0.02801460713744573,0.9719853928625543,WOS:001203351200001,2024.0,23,Article,Complex system analysis of the implications of hydrogen fuel cell trucks   in China's road freight transportation,10.1016/j.ijhydene.2024.02.231
diffusion path distribute photovoltaic power generation technology drive individual behavior widespread adoption distribute photovoltaic power generation technology among electricity consumer crucial factor enable power system lowcarbon transition extensive explore consumer willingness adopt technology prior study primarily focus static psychological factor study however take heterogeneous behavioral perspective examine dynamic effect individual behavioral interaction technology diffusion utilize behaviordriven simulation technology develop diffusion pertain photovoltaic power generation technology enhance explanatory capacity predictive accuracy subject behavioral choice quantify effect adoption scale external economic intervention simulation indicate residential environment constraint individual behavioral difference influence diffusion potential technology furthermore nonmandatory promotion effective enhance adoption willingness interestingly find free installation intervention tend reduce diffusion effect later stage implement isolation insight contribute enhance diffusion distribute power generation technology development lowcarbon electricity,25,1,0.0,0.7265134379151471,0.27348656208485284,0.0,WOS:001146005600001,2024.0,6,Article,The diffusion path of distributed photovoltaic power generation   technology driven by individual behavior,10.1016/j.egyr.2023.12.009
chinas sustainable carbon neutral supply chain management global emission reduction carbon emission critical concern realm energy consumption many nation commit curb strive carbon neutrality address specific gap literature focus carbon emission reduction industrial sector application supply chain management scm principle monopolistic competition context utilize carbon neutral indicator specifically develop mathematical integrate agentbased simulation framework employ experimental design determine optimal decisionmaking process incorporate supply chain carbon neutral indicator finding highlight effectiveness specific carbon neutral indicator within scm greencredit policy promotion green product measure contribute significantly toward reduce global carbon emission paper offer insight government decisionmaker regard ideal implementation level strategy green credit policy promotion green product within supply chain environment provide guidance manufacturer achieve profit maximization progress towards carbon neutrality,26,3,0.0,0.025702399900549986,0.0,0.9742976000994499,WOS:001097887000015,2023.0,5,Article,China's sustainable carbon neutral supply chain management: a reference   to global emission reduction,10.1007/s11356-023-30551-3
smart city solution comparative analysis waste management iotenable environment multiagent simulation effective waste management arise crucial challenge smart city development current era rapid urbanization shift towards sustainability public health harness modern technology especially integration internet thing iot intelligent waste bin revolutionize urban waste collection optimize efficiency reduce cost paper delve multiagent simulationbase framework understanding assess dynamic iotenable smart waste management system initiate intricate process garbage generation shift focus realtime monitoring capability iotconnected waste bin study far explore protocol regulate bin status along time mechanism trigger garbage collection round subsequently predictive routing system introduce determine efficient garbage collection route bin fill level track ultrasonic sensor commonly send sound wave track echo return time whereas weight sensor measure garbage load bin provide insight waste production trend datum transmission bin central system various communication technology wifi cellular network longdistance network consider simulation contrast innovative iotenable sensorbase collection mechanism conventional periodic review strategy field experiment rayyan locale proximate doha qatar facilitate demonstration leverage regionspecific datum simulate various aspect include economic factor environmental impact public satisfaction operational efficiency finding indicate average daily garbage generation per individual sensordriven mechanism remarkably outperform periodic review approach cover distance truck concurrently achieve key objective costefficiency environmental preservation public satisfaction reduce employee workload contribute develop field smart city technology provide critical insight urban planner policymaker technologist attempt build sustainable efficient livable city,27,3,0.0,0.0,0.0,1.0,WOS:001182050700001,2024.0,60,Article,Smart city solutions: Comparative analysis of waste management models in   IoT-enabled environments using multiagent simulation,10.1016/j.scs.2024.105247
evaluation impact ondemand bus service traffic simulation paper smart card datum melbournes public transport network evaluate impact flexible ondemand transport system ondemand transport emerge mode urban passenger transport rely meet passenger demand travel dynamic flexible scheduling share vehicle initially simulation develop replicate exist fixedschedule bus performance extend incorporate ondemand transport service within network simulation undertake comparative analysis include reliability service quality operational efficiency networkwide effectiveness environmental impact ondemand bus reduce average passenger trip time increase vehicle occupancy rate reduce emission per passenger average weekday compare fixedschedule bus study offer insight successful ondemand transport implementation promote urban sustainability outline future direction particularly need accurate shortterm passenger demand prediction improve service provision passenger experience,28,3,0.0,0.0,0.0,1.0,WOS:001332970400001,2024.0,8,Article,Evaluation of the Impacts of On-Demand Bus Services Using Traffic   Simulation,10.3390/su16198477
evaluate peertopeer electricity market across yous agentbased modeling approach diffusion distribute energy resource overcome challenge associate historical centralized electric power distribution decentralize generation residential solar photovoltaic cell create potential peertopeer p2p electricity trading household act consumer prosumer buy sell renewable electricity p2p energy market emerge location across globe market performance affect various social economic environmental factor apply agentbased abm framework simulate electricity trade heterogeneous household decentralized market p2p system test location united states vary climate parameter local economic factor simulation compare assess difference climate demand pattern retail rate irradiance affect market performance simulation demonstrate market outcome rely ratio prosumer consumer environmental factor geographic condition battery energy storage overcome limitation associate faulty forecasting improve flexibility householdgenerated solar resource increase proportion production sell p2p market application agentbased modeling framework demonstrate p2p market expect perform various location apply assess alternative location market performance,29,2,0.0,0.052821787198435485,0.9471782128015644,0.0,https://openalex.org/W4319027837,2023.0,5,article,Evaluating Peer-to-Peer Electricity Markets across the U.S. Using an Agent-Based Modeling Approach,https://doi.org/10.21926/aeer.2301017
spatial agentbased modelling simulation evaluate public policy energy transition manuscript describe development spatial agentbased simulation effect public policy private houseowner decision concern heating system methodology utilize comprise empirical survey determine locationbased behaviour motivation homeowner addition spatial datum house implement renovation thermal refurbishment simulation addition system able simulation effect public policy action homeowner hence base decision system estimate carbon footprint house simulation period hence decision maker select good policy funding motivation reduce carbon footprint community,30,1,0.0,1.0,0.0,0.0,https://openalex.org/W4394932397,2024.0,1,article,Spatial Agent-Based Modelling and Simulation to Evaluate on Public Policies for Energy Transition,https://doi.org/10.52825/isec.v1i.1170
implementation green behavior educational building humanbased retrofit base agentbased modeling abm evaluate probability conduct green behaviour education humanbased retrofit involve role control air conditioning system influence environmentally friendly behavior engineering center six story build faculty engineer universitas indonesia choose case study due high number involve conduct daily activity relationship knowledge intention implementation possess individual group within specific area influence environmentally friendly behavior building employ questionnaire survey include item relate participant floor usage knowledge green behavior intention toward green behavior ability control educational building netlogo software one agentbased modeling abm utilize process datum gather questionnaire software program influence agent implement green behavior agent influence green behavior whole building random probability programming third floor high probability overall program big dimension floor plan create big number probability information obtain build influence individual decisionmaking process implement green behavior outcome contribute understanding green behavior promotion development enhance sustainable practice educational building study recommend explore influence room function,31,1,0.0,1.0,0.0,0.0,https://openalex.org/W4402746902,2024.0,3,article,Implementation of Green Behavior in Educational Building Through Human-based Retrofits Based on Agent-Based Modeling (ABM),https://doi.org/10.1088/1755-1315/1395/1/012023
agentbased modeling sustainable forestry activity review outline main aspect agentbased approach modeling forestry consider prism concept tool general scientific widely apply study various scientific key point inherent agent approach present time generalize systematize main agent forestry identify manage economic activity forestry industry main indicator identify reforestation forest reproduction fairly accurately predict review modern domestic experience practice forest resource management conduct prepared work may useful specialist involve modeling issue problem especially area forest economic ecology,32,1,0.0,1.0,0.0,0.0,https://openalex.org/W4390203930,2023.0,1,article,Agent-based Modeling of Sustainable Forestry Activities,https://doi.org/10.18254/s207751800028426-7
agentic sustainable development leverage large language modelenhance agentbased modeling complex policy strategy convergence agentbased modeling abm large language llmdriven autonomous agent present transformative approach social simulation particularly address complexity united nations sustainable development goal sdgs abm enable exploration emergent behavior complex system limit static rulebased agent fail capture nuance human decisionmaking llmbase agent equip adaptive reasoning contextual awareness generative capability offer solution enhance realism diversity inclusivity simulation paper explore integrate technology advance policy experimentation enable simulation reflect diverse cultural context emergent social norm discuss technical ethical challenge llmbased system include reasoning limitation hallucination alignment constraint strategy governance balance innovation accountability paper base insight unu macau conference session title agent practice harness advocate interdisciplinary humanintheloop framework ensure responsible sustainable policymaking,33,1,0.0,1.0,0.0,0.0,https://openalex.org/W4413118977,2025.0,2,article,Agentic AI for Sustainable Development: Leveraging Large Language Model-Enhanced Agent-Based Modeling for Complex Policy Strategies,https://doi.org/10.1177/27523543251365678
identify influence land logistic driver cognitive energy impact supply chain performance agentbased simulation logistic transport link demand generator distributor producer supply chain network scn existence logistic transport critical ensure whole node economic sustainability study explore impact human factor scn performance cognitive energy expenditure cee track agentbased abm simulation analyze impact cee truck driver electroencephalography eeg datum obtain postsynaptic potential value transform calorific energy fleet agent retailer distributor build base east java indonesia logistic transport route around karanglo gempol bungurasih gubeng frequency peak value eeg data postsynaptic potential energy datum indicate information datum indicate challenging route high frequency high peak value abm simulation fleet agent balanced cee throughout entire route due precise rest period eat schedule average delivery success rate simulation time step hence good delivery task complete fleet agent balanced system consequence scn performance balanced due fluid inventory shift without overstock stockout rest eat period fleet agent schedule cee peak time lag rest period transport operation maintain overcome fleet agent task buildup task buildup potential decay transport safety inventory shift rate therefore upgrade scn performance possible proper fleet agent schedule,34,3,0.0,0.026845394954703,0.0,0.973154605045297,https://openalex.org/W4396659574,2024.0,1,article,Identifying the influence of land logistic driver cognitive energy impact on supply chain performance through agent-based simulation,https://doi.org/10.15587/1729-4061.2024.302286
framework hybrid system dynamic agent base cooperative game theory sustainable coffee supply chain global coffee supply chain complex network involve diverse stakeholder farmer trader exporter consumer unique incentive constraint study introduce conceptual framework integrate system dynamic agentbase modelling abm cooperative game theory cgt address challenge profit allocation coalition stability sustainability provide macrolevel insight global trend price fluctuation production dynamic abm individual decisionmaking process cgt complement facilitate fair payoff distribution stable coalition formation framework structure problem identification development mapping interaction mode selection offer comprehensive approach understand information decision flow illustrative scenario study demonstrate framework potential analysis tradeoff longterm impact supply chain stability practical implication could support policymaker industry leader design fair profitsharing mechanism promote stable cooperation among stakeholder enhance overall sustainability coffee agrifood supply chain thus framework highlight applicability conceptual tool support decisionmaking sustainability coffee supply chain beyond,35,3,0.0,0.03535569010195037,0.1039163813911192,0.8607279285069305,https://openalex.org/W4411123207,2025.0,1,article,A Framework of Hybrid System Dynamics and Agent Based Model With Cooperative Game Theory for Sustainable Coffee Supply Chain,https://doi.org/10.37385/jaets.v6i2.7007
agent base modeling sustainable urban farming incorporate renewable solar energy impact food security world environment continuously change due various factor include technological advancement climate change economic growth population increasesthese factor contribute great demand food energy water resourcespolicymaker need strategize plan accordingly determine preserve environment due rise temperature water sacristy increase demand food resource efficiently manage resource order meet sustainable goalspolicymaker task reduce carbon emission well increase resource utilization efficiently keep cost downan approach know foodenergywater nexus develop order promote sustainable development synergy resource nexusthe adoption nexus framework contribute great understanding resource connection thus allow evaluation tradeoff exist resource optimize framework inform decision aid achieve sustainability goal societal economic environmental achievedin paper apply study impact case study florida include number urban farmsthe urban farm develop objective contribute fresh food supply local communitythe inhabitant local community belong food desert inhabitant lowincome lowmobility access fresh food within ten mileseach urban farm belong communityscale microgrid provide electricity local community electricity generate solar energythe mgs objective meet environmental sustainability goal contribute carbon emission compare traditional energy coal crude oil natural gasin addition solar energy viable option due amount solar radiation floridain paper impact framework urban farm microgrid analysis societal economic environmental sustainability measure investigatedfor societal sustainability measurement impact framework food security local inhabitant studiedfor environmental sustainability impact carbon emission carbon emission avoid due solar energy analyzedfinally term economic sustainability cost solar energy infrastructure well possible cost profit due lack electricity production excess production estimatedthe paper employ agentbased modeling abm approach study interaction agent framework consumer urban farm microgrid allow gain great understanding synergy tradeoff occur nexus case study consider,36,0,0.23009307882495042,0.2423718297585164,0.23020005827930842,0.29733503313722465,https://openalex.org/W4376648348,2023.0,0,article,Agent Based Modeling for Sustainable Urban Farming Incorporating Renewable Solar Energy and Impact on Food Security,https://doi.org/10.46254/an12.20220695
agentbased modelling operation farm equip renewable energy electric motor presently agentbase modelling becoming increasingly widely various area study contain overview various type agentbased modelling application provide modelling solution farm provide renewable electric energy res electric motor final part study contain draw performance work discuss,37,-1,0.0,0.0,1.0,0.0,https://openalex.org/W4408200794,2025.0,0,article,Agent-Based Modelling in the Operation of a Farm Equipped with Renewable Energy Sources and Electric Motors,https://doi.org/10.32730/mswt.2024.68.6.4
city information optimal charging energyresilient renaissance internet energy ioe building electrification provide multidirectional power interaction emobility power grid smart lowcarbon transformation however lack cityscale information planning infrastructure like electric vehicle charge station lead insufficient renewable selfconsumption performance overestimation furthermore cityscale struggle achieve high accuracy materialenergyinformation nexus across thousand building vehicle infrastructure consider future interactive energy dynamic agentbased modeling abm platform develop optimal urban crosssector energy network planning incorporate climateadaptive resilience parameter uncertainty electric vehicle travel behavior charge preference etc apply nansha china abm platform demonstrate computational efficiency accuracy enhance urban renewable energy penetration reduce road traffic carbon emission decrease power outage hour simulation time study offer cityscale ioe optimal infrastructure planning climateadaptive energyresilient renascence,38,2,0.0,0.10782112976892791,0.7524333311263127,0.1397455391047593,https://openalex.org/W4406657001,2025.0,8,article,City information models for optimal EV charging and energy-resilient renaissance,https://doi.org/10.1016/j.ynexs.2025.100056
famecore open framework distributedagentbased modelling energy system paper introduce famecore java library support development execution agentbased simulation abmit main component open framework distribute agentbased energy systemsfamecore offer rapid development fast simulation execution capability reduce require programming skill effort create run complex abm,39,-1,0.0,0.0,1.0,0.0,https://openalex.org/W4366087575,2023.0,15,article,FAME-Core: An open Framework for distributedAgent-based Modelling of Energy systems,https://doi.org/10.21105/joss.05087
energy load prediction framework agentbased simulation artificial neural network lighting responsible total electricity consumption commercial building united states investigate lighting energy load provide potential energysaving commercial building nonetheless development lighting load prediction receive limited attention extant literature study framework predict lighting schedule load office building integrate agentbased artificial neural network small office building case study simulate lighting load base occupancy information agentbased artificial neural network develop predict simulate lighting energy load illustrate accuracy prediction could high developed manager engineer accurately predict lighting energy load office environment,40,1,0.0,0.9745573918635981,0.025442608136401854,0.0,https://openalex.org/W4383682000,2023.0,0,article,Lighting energy load prediction framework using agent-based simulation and artificial neural network models,https://doi.org/10.35490/ec3.2023.163
canadopt coupling agentbase energy system decarbonisation pathway analysis energy system esm inform transition fossil fuel renewable energy optimal system design influence shape magnitude electricity demand demand change decarbonisation effort across sector aim electrification however many esm oversimplify complexity demand change drive individual adoption decision agentbase abms allow incorporate behavioural theory capture complexity rely assumption factor like energy price emission affect adoption behaviour work introduce novel framework canadopt integrate abm esm alleviate assumption requirement capability novel framework demonstrate scenario analysis policy impact energy residential heating sector abm heat technology adoption residential electricity demand esm optimise capacity expansion yield electricity price embed emission abm cover execute sequentially eight time apply ontario canada progressive scenario achieve netzero residential sector power sector respectively total transition cost billion cad residential sector billion cad power sector cumulative heating relate emission increase fiveyear delay achieve netzero underscore urgency transition governmental carbon abatement cost residential sector range cadt well federal carbon tax cadt coupling increase residential heat pump adoption may reduce total transition cost billion cad power system increase demand may challenge meet additionally electric furnace widely adopt,41,2,0.0,0.0,0.9863844073264797,0.013615592673520322,https://openalex.org/W4408515953,2025.0,0,article,CanAdopt—coupling agent-based and energy systems models for decarbonisation pathway analysis,https://doi.org/10.1088/2753-3751/adc136
sustainability insight agentbased approach sustainable urban community development work examine potential agentbased modeling abm explore understand sustainability urban community study aim identify sustainable practice emerge localize decisionmaking social dynamic focus interaction household resident environment provide insight social economic environmental dimension sustainability within urban community simulate predefined scenario study phase establish conceptual framework methodology future effort enhance reliability empirical datum involve stakeholder refine relevance urban policy planning,42,1,0.0741061361801395,0.8523129346214858,0.0,0.07358092919837464,https://openalex.org/W4413425374,2025.0,0,article,Modeling Sustainability: Insights from an Agent-Based Approach to Sustainable Urban Community Development,https://doi.org/10.29327/2565368.3.1-3
simulate biomass chain agricultural bioeconomy transition agentbased biochain agentbased biochain aim modelling simulate biomass flow production processing plant support design sustainable territorial bioeconomic system wohlfahrt start concept formalism exist uputuc soulié biomass represent pool define volume type transit multiple production processing consumption unit addition type faba bean corn silage pig slurry etc biomass pool characterise age physical characteristic dry matter nitrogen content phosphorus content etc may vary daily basis due phenomenon degradation within storage unit biochain design represent five layer phenomenon regard prospect biomass pool territory well biomass produce consume biomass pool rate storage maximum capacity storage condition offer unit territory physical characteristic biomass pool change time store time retrieve transportation biomass pool move one unit another change unit assure depend characteristic freight company fleet processing biomass biomass pool need process biomass processing plant territory performance much greenhouse gas emit composting degradation storage give quantity biomass much bioproduct biogas biomaterial produce different processing plant transportation traffic increase due development bioeconomy biochain allow integrate multiple coarse finegraine bioprocess bio process currently implement anaerobic digestion sysmetha household compost industrial composting platform bioplastic production plant underway general manner biochain design framework new bioprocesse easily describe communicate generic interface biochain module provide build block allow simulate multiple scenario biomass chain organisation like linear cascade circular one thus make possible assess respective environmental economic performance power gama platform biochain module design pluggable maelia platform misslin simulate interaction agricultural hydrological biomass pool dynamic biochain capable interact maelia agent well function standalone coupling possibility add ability test bioeconomy scenario maelias integrated assessment modelling approach example feasibility specific transformation unit layout territory scale logistic around upcycling give organic waste product,43,3,0.0,0.0,0.015480627644967798,0.9845193723550323,https://openalex.org/W4416255323,2025.0,0,article,"Simulating biomass chains for agricultural and bioeconomy transitions: The agent-based model, BioChains",
agent base modeling electronic market analyze sustainability mutual cooperation common condition manage general practitioner key answer nocturnal enuresis nocturnal selfawakening recently emphasis give area great promise behavioural modification conjunction enuretic alarm teach skill high cure rate low relapse rate enuretic alarm time age onwards drug indicate need short term dryness child away home,44,1,0.0,0.0,0.0,0.0,https://openalex.org/W10067045,2023.0,0,article,Agent Based Modeling of Electronic Markets To Analyze the Sustainability of Mutual Cooperation,https://doi.org/10.7275/299855
agentbased simulation integrate process energy supply chain case study biofuel production despite potential benefit decisionlevel integration process energy supply chain system traditionally assess optimise incorporate simplify unit operation within spatially distribute network desire organisationallevel integration achieve without leverage complex computational tool concept work multiscale agentbased facilitate transition traditional practice coordinate multiagent system framework incorporate different enterprise dimension process energy include raw supplier rigorous processing plant consumer behaviour agent type interaction implement impact overall system investigate approach allow simultaneous assessment optimisation process decision integrate decision level operation devised framework beyond exist study impact low decision level neglect biofuel example comprise farmer biorefinerie enduser present demonstrate application multiagent system involved actor seek increase payoff give interdependency intraorganisational variable underlie dynamic network aggregated payoff supply network optimise different scenario fraction capacity allocate biofuel production consumption obtain indicate integrate decisionmaking significantly influence performance expound realistic view multiscale coordination scheme process energy,45,3,0.0,0.06150865084565873,0.0,0.9384913491543412,https://openalex.org/W4411815528,2025.0,0,article,Agent-Based Simulation of Integrated Process and Energy Supply Chains: A Case Study on Biofuel Production,https://doi.org/10.69997/sct.101731
agentbased sustainable agricultural development upper mekong delta vietnam upper mekong river delta vietnam upper vmd agricultural region prone flood upstream mekong riverin addition market driver agricultural system drive change hydrological regime due flood dynamic dyke constructionover time wide network manmade canal dyke build prevent flooding allow farmer cultivate three shortterm highyielde variety rice crop per year dominant crop regionhowever full dyke system intensive rice cultivation make upper vmd lose flood retention capacitythe excessive chemical input magnify soil degradation water pollution rice farmer income remain low due low price increase production costsunder change socioeconomic biophysical condition vietnam government scholar advocate remove third crop rice diversify low dykebase agricultural systemsthis involve switch back floodbase crop float rice lotus fishery etc make flood retention regulation ability gov 2020this raise question whether pathway possible give exist full dyke system flood uncertainty impact climate change upstream development factor manipulate drive sustainable floodadaptive pathway,46,0,0.5001867493761407,0.0,0.4998132506238593,0.0,https://openalex.org/W4385662853,2023.0,0,article,An agent-based model for sustainable agricultural development in the Upper Mekong Delta of Vietnam,https://doi.org/10.36334/modsim.2023.le570
green urban scenario framework digital twin representation simulation urban forest impact analysis tree critical part urban infrastructure city worldwide pledge afforestation objective due netzero target however realisation require comprehensive framework combine policy practice paper present green urban scenario gus framework design monitor green infrastructure gus consider weather maintenance tree specie disease spatial distribution tree forecast impact framework agentbase modelling abm simulation paradigm integrate green infrastructure city ecological spatial economic social context abm enable creation digital twin urban ecosystem level granularity include individual tree accurately predict future trajectory digital representation tree create combination dataset earth observation space street view image field survey qualitative description typology within exist future project machine learning statistical calibrate biomass growth pattern carbon release scheme paper examine various green area typology simulate several hypothetical scenario base glasgow urban forest exhibit emergence heterogeneity feature forest due interaction among tree growth trajectory tree nonlinear transition phase toward stable growth maturity reduce maintenance deteriorate health tree lead low survival rate increase emission stormwater alleviation capacity may differ among specie paper demonstrate gus facilitate policy maintenance urban forest environmental social economic benefit,47,0,0.0,0.0,0.0,0.0,https://openalex.org/W4390048379,2023.0,4,article,Green Urban Scenarios: A Framework for Digital Twin Representation and Simulation for Urban Forests and Their Impact Analysis,https://doi.org/10.48044/jauf.2023.029
green choice rural setting analyze community adoption ecofriendly shopping alternative agentbased modeling address high emission private car rural area largely due limited infrastructure public transport option need innovative locally accessible service support sustainable practice understand drive rural community adopt alternative essential effective intervention study demonstrate development toolkit employ multiagent analyze rural community react local ecofriendly shopping alternative container store compare common grocery store integrate diffusion innovation theory theory planned behavior spatially socially explicit agentbased abm simulate individual collective decisionmaking process regard new shopping illustrate theoretical foundation operationalize within experiment explore effect store attribute location initial adopter group community adoption rate across scenario reveal variation adoption rate illustrate apply toolkit effectively capture influence store attribute location accessibility community network structure sustainable consumer behavior,48,1,0.0,1.0,0.0,0.0,https://openalex.org/W4415172581,2025.0,0,article,Green choices in rural settings: analyzing community adoption of eco-friendly shopping alternatives through agent-based modeling,https://doi.org/10.3389/frsps.2025.1536958
dynamical system analyze low carbon transition energyeconomic system study develop dynamic system exhibit one stable solution sink analyze impact various factor lowcarbon transition include policy implication energy consumption energy capacity aim provide policy recommendation base simulation reproduce five representative scenario distribute energy system compare simulation obtain set agentbased analysis effective way achieve lowcarbon transition combine approach limit highcarbon energy certain market rule reduce energy consumption far obtain different path lowcarbon transition base phase diagram harm economy developed country feasible approach directly increase market regulation ratio country region middlelevel technical energy condition relatively high energy consumption eastern european country reduce energy consumption implement lowcarbon energy incentive policy good strategy finally country region low technical energy condition african country main task improve energy capacity increase possibility lowcarbon transition,49,2,0.0,0.035080222344877336,0.9649197776551227,0.0,https://openalex.org/W4382237148,2023.0,2,article,A dynamical system model to analyze the low carbon transition in energy-economic system,https://doi.org/10.1016/j.ject.2023.04.001
optimize load frequency control isolated island city microgrid deep graph reinforcement learning approach data enhancement across extensive scenario study present dataenhanced optimum load frequency control deolfc strategy microgrid target optimal balance generation cost frequency stability amidst high renewable energy integration replace traditional control agentbased system reinforcement learn deolfc employ optimal balance generation cost frequency stability amidst high renewable energy integration replace traditional control agentbased system reinforcement learn deolfc employ soft graph actor critic sgac algorithm integrate deep reinforcement learn graph sequence neural network effective frequency management prove effective china southern grid island microgrid deolfc offer sophisticated solution challenge pose island microgrid prove effective china southern grid island microgrid deolfc offer sophisticated solution challenge pose variability modern power grid,50,2,0.0,0.0,1.0,0.0,https://openalex.org/W4407652692,2025.0,4,article,Optimizing load frequency control in isolated island city microgrids: a deep graph reinforcement learning approach with data enhancement across extensive scenarios,https://doi.org/10.3389/fenrg.2024.1384995
compare control intervention scenario raccoon rabies southern ontario large outbreak raccoon rabies canada first report hamilton ontario follow probable translocation event united states spatiallyexplicit agentbased evaluate effectiveness provincial control program urbancentric outbreak control intervention never calibration test suggest seroprevalence protective rabies antibody time high infer seroprevalence program assessment require simulation replicate observe raccoon rabies case simulation control intervention adjust seroprevalence probability rabies elimination due control intervention respectively however control never probability initial rabies case fail establish sustained outbreak simulation rabies successfully eliminate control intervention new infection compare apply control new infection compare control intervention however likely underestimate rabies elimination rate since adjust adaptive control strategy response change rabies distribution case number well extend control intervention past agentbased offer costeffective strategy evaluate approach rabies control application,51,0,0.0,1.0,0.0,0.0,https://openalex.org/W4320729124,2023.0,8,article,Comparing Control Intervention Scenarios for Raccoon Rabies in Southern Ontario between 2015 and 2025,https://doi.org/10.3390/v15020528
explore artificial intelligence agentbased modeling application bibliometric study provide comprehensive analysis dynamic interplay agentbased modeling abm artificial intelligence meticulous bibliometric study study reveal substantial increase scholarly interest particularly post2006 peak indicate contemporary surge synergy abm temporal trend fluctuation prompt question influence factor potentially link technological advancement shift focus sustained increase per document per year underscore field impact peak suggest cumulative influence year spectroscopy rpys reveal historical pattern recent decline prompt exploration shift focus lotka law reflect contribution support pareto analysis journal diversity signal extensive exploration application abm identify impactful journal cluster per bradford law provide insight researcher global scientific production dominance regional collaboration map emphasize worldwide landscape despite acknowledge limitation lag interdisciplinary challenge study offer global perspective implication future resource evolve abm landscape,52,1,0.0,1.0,0.0,0.0,https://openalex.org/W4390539445,2024.0,27,article,Exploring the Use of Artificial Intelligence in Agent-Based Modeling Applications: A Bibliometric Study,https://doi.org/10.3390/a17010021
intelligent abmbased framework develop pandemicresilient urban space postcovid smart city august covid19 pandemic account six million death globally urban population severely affect viral pandemic ensue lockdown increase poverty inequality slow economic growth general decline quality life paper framework evaluate effect pandemic combine agentbase simulationsbase susceptibleinfectiousrecovered sir modelwith hybrid neural network baseline agentbased abm incorporate various epidemiological parameter viral pandemic develop follow additional functional layer integrate factor like agent mobility restriction isolation infer low population density agent high restriction agent mobility could inhibit rapid spread pandemic framework envisage hybrid neural network combine layer convolutional neural network cnn longshortterm memory lstm architecture predict spatiotemporal probability infection spread realworld pandemic datum future pandemic framework could aid designer regulator urban planner policymaker develop resilient healthy sustainable urban space postcovid smart city,53,0,0.0,0.0,0.0,0.0,https://openalex.org/W4318570551,2023.0,8,article,An Intelligent ABM-based Framework for Developing Pandemic-Resilient Urban Spaces in Post-COVID Smart Cities,https://doi.org/10.1016/j.procs.2023.01.205
decentralized energy system circular economy business sustainable energy transition address current rise northern environmental concern remarkable increase energy demand aim investigate feasibility implement decentralized energy system circular economy approach successful sustainable energy transformation general goal aim compare different business agentbase decentralize energy production accord circular economy principle efficiency waste reduction secure supply chain adopt quantitative treatment energy datum pertain decentralized system european asian country qualitative finding generate industry case study study business include energy service community power play important role energy saving operational efficiency application analyze lead decrease energy loss range major contribution study provide integrative framework emphasise possibility decentralised scenario reveal contribute circular economy aim resource circulation low carbon base finding study insight draw speaker policymaker business strategist environmental organization detail coherent explanation sustainable energy well come practical adopt largescale manner approach within quantitative practical methodology provide valuable insight inform analysis decentralised energy contribute agenda towards sustainability,54,2,0.0,0.0,0.96818992582184,0.03181007417815992,https://openalex.org/W4404704944,2024.0,3,article,Decentralized Energy Systems and the Circular Economy: Business Models for Sustainable Energy Transitions,https://doi.org/10.62127/aijmr.2024.v02i06.1115
tax incentive sustainable development territory one key task modern development russian region change negative socioeconomic trend ensure transition sustainable development trajectory include tax instrument purpose work study possibility synthesis systemdynamic agentbased modeling justify policy tax incentive sustainable development territory essence procedure comparative analysis modeling context problem tax incentive sustainable development region scientific novelty obtain lie substantiation scientific methodological approach study subject area base synthesis systemdynamic agentbased provide study aspect sustainable development region take account feedback system dynamic behavior enterprise operate individually respond tax incentive agentbased tool synthetic approach make possible well consider specific sustainable development territory due systemwide behavioral factor,55,0,1.0,0.0,0.0,0.0,https://openalex.org/W4396697924,2023.0,3,article,Modeling Tax Incentives for Sustainable Development of Territories,https://doi.org/10.17150/2500-2759.2023.33
emotion courtship help bond pair cooperate emotional agent vulnerable deceit coordinate pair bond common bird occur many taxon animal solve social dilemma face coordinate partner develop evolutionary explore question base observation neuroendocrine feedback provide emotional bookkeeping think play key role vertebrate social bond bond develop maintain via courtship interaction include lowstake social dilemma agentbased simulation find emotional bookkeeping courtship sustain cooperation iterate prisoner dilemma noisy environment especially combine however deceitful defection possible low cost courtship often increase cooperation whereas emotional bookkeeping decrease,56,1,0.0,1.0,0.0,0.0,https://openalex.org/W4388562692,2023.0,7,article,"Emotions and courtship help bonded pairs cooperate, but emotional agents are vulnerable to deceit",https://doi.org/10.1073/pnas.2308911120
impact consolidate ondemand food delivery sustainability simulation study ondemand food delivery service transform food industry offer customer convenient way order favorite food restaurant deliver doorstep however increase number delivery vehicle lead high cost traffic congestion carbon emission tackle negative impact consolidate delivery process combine multiple order different restaurant various customer suggest study evaluate sustainability impact direct versus consolidated order ondemand food delivery sector achieve objective agentbased simulation base real delivery datum yogyakarta indonesia simulation indicate due constraint time window rout complexity small portion order consolidate consolidation feasible benefit business environment reduce cost customer increase driver productivity reduce carbon emission downside may long customer wait time finding provide valuable insight business policymaker seek promote sustainable practice ondemand food delivery sector,57,3,0.0,0.0,0.03103189548273511,0.9689681045172648,https://openalex.org/W4388428546,2023.0,3,article,The Impact of Consolidating On-Demand Food Delivery on Sustainability: A Simulation Study,https://doi.org/10.2478/logi-2023-0026
